draw_number,1,2,3,4,5,6,7,8,9,10,11,12,13,14,15,16,17,18,19,20,21,22,23,24,25,26,27,28,29,30,31,32,33,34,35,36,37,38,39,40,41,42,43,44,45,46,47,48,49,50,51,52,53,54,55,56,57,58,59,60,61,62,63,64,65,66,67,68,69,70,71,72,73,74,75,76,77,78,79,80
1,0,368,370,338,370,364,341,355,375,348,361,355,346,344,359,380,367,363,357,376,357,327,370,319,358,323,358,362,353,356,355,366,368,352,302,368,358,341,370,368,353,317,350,344,351,341,352,349,326,386,366,364,370,349,342,363,349,363,359,355,341,373,337,331,353,362,371,388,344,351,366,348,380,365,358,338,340,362,361,320
2,368,0,350,336,375,368,383,394,373,373,372,373,376,355,373,387,391,391,342,369,365,357,358,355,367,351,333,329,396,367,346,380,353,382,332,358,385,363,389,388,348,358,375,370,321,371,340,378,334,381,366,378,368,355,353,382,368,373,366,373,370,360,336,372,368,360,387,387,372,342,382,345,381,354,389,359,357,338,377,345
3,370,350,0,324,366,372,390,378,400,367,386,394,379,353,345,365,389,382,355,369,390,396,362,335,360,366,346,356,393,372,339,384,366,392,355,378,413,353,369,395,381,345,377,384,349,393,377,389,373,400,395,392,378,380,374,349,376,375,369,364,397,371,378,363,355,339,367,392,346,385,383,372,363,364,388,376,350,362,345,366
4,338,336,324,0,332,345,327,339,351,330,335,354,351,341,316,353,332,362,314,348,346,325,348,319,323,336,329,349,347,327,319,337,344,326,313,321,343,331,350,353,329,330,321,330,312,325,322,313,311,351,340,319,343,318,337,343,332,323,333,328,341,325,340,315,326,319,345,336,331,328,336,343,353,326,324,329,304,320,343,338
5,370,375,366,332,0,401,366,374,372,384,345,377,349,359,368,359,399,371,340,377,366,369,396,329,369,354,359,352,370,361,374,347,386,385,351,355,383,380,369,408,325,328,330,359,378,363,363,349,357,393,384,369,343,337,361,368,383,379,391,362,338,379,331,359,370,359,380,345,375,356,364,361,373,383,385,377,335,361,362,342
6,364,368,372,345,401,0,371,384,378,367,387,377,391,368,383,364,409,392,332,395,377,347,362,367,377,366,360,357,387,348,345,372,361,380,374,367,364,380,381,381,333,336,356,349,329,333,369,347,392,391,365,371,373,357,363,374,358,354,369,342,407,370,356,369,390,345,354,361,359,356,362,369,378,372,396,351,326,387,357,348
7,341,383,390,327,366,371,0,344,354,390,380,382,357,390,346,374,374,391,368,394,352,375,354,341,370,349,354,345,380,359,369,374,393,382,335,363,361,368,357,415,343,352,359,374,347,351,364,376,369,370,363,341,386,352,337,367,364,345,359,376,373,359,370,361,385,348,399,351,366,352,382,367,332,381,356,356,357,332,367,321
8,355,394,378,339,374,384,344,0,375,385,367,375,369,373,360,376,382,409,337,365,380,365,378,378,362,361,368,365,363,382,360,379,407,378,362,365,378,367,361,359,356,352,356,373,353,388,361,357,352,376,355,355,360,352,374,396,381,382,360,342,333,371,343,351,394,402,384,368,394,358,370,388,400,380,367,398,353,359,365,366
9,375,373,400,351,372,378,354,375,0,422,383,383,377,377,376,353,377,385,379,400,379,375,384,373,364,388,365,365,403,375,363,419,389,403,351,377,421,383,377,394,332,383,359,395,379,391,360,381,364,401,384,339,371,374,383,377,377,368,389,346,368,367,388,381,386,364,407,410,378,352,371,366,380,383,381,380,378,370,365,364
10,348,373,367,330,384,367,390,385,422,0,379,376,387,370,392,397,385,391,375,388,354,377,392,349,371,364,386,362,374,385,414,381,384,391,381,386,409,359,369,401,364,356,365,389,364,387,359,391,343,376,396,385,371,367,407,360,384,348,376,370,347,383,351,350,396,361,393,400,379,403,362,392,394,383,337,375,364,355,356,363
11,361,372,386,335,345,387,380,367,383,379,0,398,368,386,337,338,379,372,330,379,345,389,400,343,350,374,346,350,381,345,371,360,368,362,341,368,390,368,346,360,339,392,338,348,350,369,376,368,369,363,356,392,377,360,377,395,391,352,380,338,408,357,337,348,388,344,364,357,362,380,345,370,394,370,366,371,365,367,359,378
12,355,373,394,354,377,377,382,375,383,376,398,0,374,387,372,379,381,382,380,392,397,363,423,343,365,354,342,384,400,370,340,358,372,352,343,355,404,333,370,373,323,398,350,383,362,385,395,395,374,378,385,374,384,346,367,369,369,386,360,358,352,362,370,376,386,357,407,381,404,384,340,364,383,385,380,358,362,370,393,344
13,346,376,379,351,349,391,357,369,377,387,368,374,0,379,375,373,360,368,362,356,362,364,347,364,382,365,352,350,367,369,390,360,368,393,343,373,386,367,353,380,331,354,370,367,363,362,355,377,341,361,361,387,375,359,393,358,388,360,377,354,383,383,349,344,347,343,396,357,384,347,352,359,368,338,376,346,359,337,363,348
14,344,355,353,341,359,368,390,373,377,370,386,387,379,0,361,369,368,352,362,369,369,388,355,354,341,386,347,358,368,382,362,361,387,379,347,384,400,350,371,371,336,391,336,375,334,369,383,366,359,385,364,372,380,368,375,355,360,363,364,372,375,361,359,367,391,351,360,377,363,338,368,348,379,366,354,371,351,375,337,359
15,359,373,345,316,368,383,346,360,376,392,337,372,375,361,0,346,385,349,352,360,369,343,364,343,353,359,343,353,354,347,355,348,358,396,336,344,369,334,374,356,330,358,349,388,356,356,341,368,343,368,365,346,355,333,364,344,367,372,323,354,351,351,360,346,367,377,359,355,345,360,345,347,378,348,370,360,341,319,363,345
16,380,387,365,353,359,364,374,376,353,397,338,379,373,369,346,0,356,355,350,366,364,387,368,368,382,373,348,381,373,332,387,339,374,393,329,366,385,374,329,356,383,335,357,369,327,338,370,364,341,372,366,374,369,347,363,360,371,382,364,343,385,359,350,395,395,355,391,367,349,351,371,342,365,358,376,392,380,349,339,373
17,367,391,389,332,399,409,374,382,377,385,379,381,360,368,385,356,0,352,364,380,349,372,347,362,392,376,371,371,380,420,358,387,393,382,337,367,375,363,350,381,350,345,347,393,339,393,385,385,394,379,354,381,380,358,388,370,379,371,360,350,409,376,354,395,375,362,373,360,395,373,388,374,380,365,375,373,369,363,333,375
18,363,391,382,362,371,392,391,409,385,391,372,382,368,352,349,355,352,0,353,384,379,382,394,368,348,354,382,352,363,393,364,390,379,403,365,356,387,370,350,379,349,371,373,374,368,379,369,372,403,383,362,361,392,395,360,396,362,393,381,362,365,344,327,364,386,359,377,400,366,368,372,353,400,391,378,368,360,343,397,346
19,357,342,355,314,340,332,368,337,379,375,330,380,362,362,352,350,364,353,0,357,342,344,346,316,348,346,356,336,353,351,322,372,369,361,360,330,358,337,345,380,334,343,354,362,344,361,352,355,329,342,311,347,349,352,350,343,390,346,358,373,361,337,369,373,380,370,367,378,368,376,316,351,356,393,374,363,362,337,353,370
20,376,369,369,348,377,395,394,365,400,388,379,392,356,369,360,366,380,384,357,0,354,376,389,355,372,372,357,361,398,380,392,387,389,382,365,376,389,380,374,375,350,360,346,376,355,366,370,348,355,376,362,356,383,382,376,356,375,367,368,349,374,365,325,391,369,351,382,355,373,370,334,364,377,358,388,381,353,360,373,356
21,357,365,390,346,366,377,352,380,379,354,345,397,362,369,369,364,349,379,342,354,0,376,370,365,340,360,362,346,383,360,355,377,351,376,354,368,369,367,364,360,361,330,333,365,347,381,402,373,379,379,359,351,359,356,367,373,327,390,337,368,376,368,339,382,400,351,376,363,396,366,375,383,387,385,361,345,361,346,337,333
22,327,357,396,325,369,347,375,365,375,377,389,363,364,388,343,387,372,382,344,376,376,0,382,342,386,369,338,345,346,345,366,358,361,374,360,367,371,349,372,372,357,341,333,366,346,362,363,353,359,381,368,356,365,352,339,362,371,359,343,353,366,342,322,356,376,328,368,357,377,361,335,368,356,353,394,353,360,341,372,367
23,370,358,362,348,396,362,354,378,384,392,400,423,347,355,364,368,347,394,346,389,370,382,0,332,384,377,320,364,364,376,351,378,398,386,353,354,389,355,374,378,346,379,332,404,375,393,373,358,361,354,359,349,368,346,368,354,380,382,351,365,366,349,359,352,390,339,374,353,369,383,380,363,353,394,407,351,373,362,358,395
24,319,355,335,319,329,367,341,378,373,349,343,343,364,354,343,368,362,368,316,355,365,342,332,0,329,330,317,320,328,323,337,348,369,341,348,339,354,347,355,358,343,340,355,344,332,333,337,343,348,371,324,338,347,339,364,356,355,364,364,312,346,337,325,349,351,342,343,352,357,332,360,348,355,362,331,312,352,325,329,328
25,358,367,360,323,369,377,370,362,364,371,350,365,382,341,353,382,392,348,348,372,340,386,384,329,0,361,381,344,369,332,377,365,370,380,325,364,387,339,367,378,330,373,342,364,375,377,368,342,366,361,341,359,355,359,375,359,365,376,358,366,347,382,356,359,403,340,379,377,385,359,341,370,364,388,374,373,385,333,384,348
26,323,351,366,336,354,366,349,361,388,364,374,354,365,386,359,373,376,354,346,372,360,369,377,330,361,0,347,344,365,363,381,356,401,377,368,353,373,364,364,382,367,344,358,356,344,384,387,334,383,375,361,369,354,334,369,385,365,351,371,349,364,320,358,359,375,340,400,370,367,350,369,371,362,355,357,364,325,347,357,374
27,358,333,346,329,359,360,354,368,365,386,346,342,352,347,343,348,371,382,356,357,362,338,320,317,381,347,0,344,351,356,336,370,383,352,329,342,382,348,387,390,351,352,356,337,337,319,371,342,364,364,354,334,373,320,346,345,367,352,361,362,358,368,330,339,366,339,365,336,376,343,353,354,352,349,354,321,359,359,342,309
28,362,329,356,349,352,357,345,365,365,362,350,384,350,358,353,381,371,352,336,361,346,345,364,320,344,344,344,0,352,360,344,356,391,347,358,348,372,369,331,382,338,357,298,363,328,355,354,335,363,373,382,319,357,337,341,350,339,338,339,343,374,330,363,365,344,342,365,338,345,358,349,369,330,358,332,338,329,340,356,351
29,353,396,393,347,370,387,380,363,403,374,381,400,367,368,354,373,380,363,353,398,383,346,364,328,369,365,351,352,0,344,360,376,389,375,378,339,372,393,352,363,350,340,352,375,347,390,360,373,370,385,369,353,374,381,386,362,381,376,344,326,389,363,365,364,393,356,379,380,375,385,359,340,379,417,379,393,358,382,358,374
30,356,367,372,327,361,348,359,382,375,385,345,370,369,382,347,332,420,393,351,380,360,345,376,323,332,363,356,360,344,0,395,375,387,367,355,353,387,373,360,404,334,395,347,376,356,384,372,354,351,392,348,379,362,362,377,377,394,366,355,334,346,333,344,359,382,354,378,385,392,369,375,356,363,362,363,359,369,346,328,352
31,355,346,339,319,374,345,369,360,363,414,371,340,390,362,355,387,358,364,322,392,355,366,351,337,377,381,336,344,360,395,0,357,384,347,329,380,366,362,384,352,330,359,352,355,336,355,360,337,397,367,347,365,352,347,347,355,338,353,348,311,349,349,342,354,358,366,371,372,381,378,375,356,376,365,348,341,352,357,374,347
32,366,380,384,337,347,372,374,379,419,381,360,358,360,361,348,339,387,390,372,387,377,358,378,348,365,356,370,356,376,375,357,0,347,349,361,347,384,352,362,388,326,381,350,377,329,383,369,361,365,357,353,363,367,359,359,362,369,389,348,374,365,363,351,371,366,357,378,383,378,363,383,348,373,364,400,388,375,335,360,369
33,368,353,366,344,386,361,393,407,389,384,368,372,368,387,358,374,393,379,369,389,351,361,398,369,370,401,383,391,389,387,384,347,0,374,367,354,385,370,366,405,365,349,362,366,376,365,362,377,357,410,385,380,357,353,373,385,379,361,363,362,358,383,388,380,377,389,389,369,401,401,395,364,400,416,366,358,369,353,365,372
34,352,382,392,326,385,380,382,378,403,391,362,352,393,379,396,393,382,403,361,382,376,374,386,341,380,377,352,347,375,367,347,349,374,0,377,383,395,377,362,392,356,362,397,373,345,368,359,362,363,409,369,383,377,352,382,386,402,374,380,379,370,368,355,381,375,361,402,384,401,403,386,381,370,373,381,353,366,363,383,363
35,302,332,355,313,351,374,335,362,351,381,341,343,343,347,336,329,337,365,360,365,354,360,353,348,325,368,329,358,378,355,329,361,367,377,0,316,351,343,342,370,345,353,330,335,371,330,351,361,341,366,354,348,358,342,327,368,345,342,340,317,358,350,321,367,338,346,342,329,358,361,346,347,380,366,389,373,325,330,362,351
36,368,358,378,321,355,367,363,365,377,386,368,355,373,384,344,366,367,356,330,376,368,367,354,339,364,353,342,348,339,353,380,347,354,383,316,0,396,313,338,393,339,345,340,367,341,366,360,351,340,364,357,327,336,323,368,350,366,327,324,364,350,357,343,361,346,343,349,378,368,355,369,364,345,356,341,391,320,351,350,348
37,358,385,413,343,383,364,361,378,421,409,390,404,386,400,369,385,375,387,358,389,369,371,389,354,387,373,382,372,372,387,366,384,385,395,351,396,0,350,371,380,353,355,359,395,355,382,390,381,372,403,376,371,357,365,341,360,347,358,378,357,389,384,378,359,388,363,373,377,352,400,333,373,385,393,363,351,367,375,350,345
38,341,363,353,331,380,380,368,367,383,359,368,333,367,350,334,374,363,370,337,380,367,349,355,347,339,364,348,369,393,373,362,352,370,377,343,313,350,0,360,361,334,372,318,356,329,362,364,327,334,400,336,333,373,337,355,376,386,341,363,342,357,346,315,359,366,359,337,380,368,355,365,327,375,357,342,367,323,329,319,348
39,370,389,369,350,369,381,357,361,377,369,346,370,353,371,374,329,350,350,345,374,364,372,374,355,367,364,387,331,352,360,384,362,366,362,342,338,371,360,0,404,360,387,345,362,311,354,359,333,361,365,358,345,367,339,367,372,361,347,348,368,352,371,340,334,386,323,379,359,361,366,359,352,371,337,350,349,353,337,352,339
40,368,388,395,353,408,381,415,359,394,401,360,373,380,371,356,356,381,379,380,375,360,372,378,358,378,382,390,382,363,404,352,388,405,392,370,393,380,361,404,0,366,375,363,385,350,374,379,372,393,371,354,378,388,360,385,365,347,356,376,373,378,358,395,363,365,362,381,381,377,384,397,357,374,391,365,342,386,353,362,355
41,353,348,381,329,325,333,343,356,332,364,339,323,331,336,330,383,350,349,334,350,361,357,346,343,330,367,351,338,350,334,330,326,365,356,345,339,353,334,360,366,0,369,343,337,350,333,322,349,344,360,346,352,355,343,364,330,330,333,344,316,370,341,343,340,402,332,339,358,339,348,368,333,342,352,341,333,354,314,357,318
42,317,358,345,330,328,336,352,352,383,356,392,398,354,391,358,335,345,371,343,360,330,341,379,340,373,344,352,357,340,395,359,381,349,362,353,345,355,372,387,375,369,0,344,343,340,349,349,365,333,374,345,353,375,351,345,341,351,365,351,353,341,355,341,360,364,337,333,369,363,377,355,345,401,360,362,344,354,348,348,355
43,350,375,377,321,330,356,359,356,359,365,338,350,370,336,349,357,347,373,354,346,333,333,332,355,342,358,356,298,352,347,352,350,362,397,330,340,359,318,345,363,343,344,0,353,340,376,346,337,351,368,339,341,317,339,388,341,375,353,352,353,335,333,362,338,368,344,378,347,362,354,351,355,343,358,347,346,363,347,344,324
44,344,370,384,330,359,349,374,373,395,389,348,383,367,375,388,369,393,374,362,376,365,366,404,344,364,356,337,363,375,376,355,377,366,373,335,367,395,356,362,385,337,343,353,0,347,352,383,377,329,399,336,356,386,350,354,385,375,369,357,354,379,337,347,350,372,349,357,348,372,362,388,350,362,350,389,355,353,352,357,315
45,351,321,349,312,378,329,347,353,379,364,350,362,363,334,356,327,339,368,344,355,347,346,375,332,375,344,337,328,347,356,336,329,376,345,371,341,355,329,311,350,350,340,340,347,0,351,364,347,344,364,343,340,355,347,346,345,341,324,354,324,341,345,324,320,363,333,358,324,345,365,321,340,350,324,352,345,355,351,346,362
46,341,371,393,325,363,333,351,388,391,387,369,385,362,369,356,338,393,379,361,366,381,362,393,333,377,384,319,355,390,384,355,383,365,368,330,366,382,362,354,374,333,349,376,352,351,0,363,372,367,389,374,364,359,360,349,360,357,386,362,371,353,366,344,369,375,345,357,363,367,396,357,361,375,375,365,367,328,348,351,353
47,352,340,377,322,363,369,364,361,360,359,376,395,355,383,341,370,385,369,352,370,402,363,373,337,368,387,371,354,360,372,360,369,362,359,351,360,390,364,359,379,322,349,346,383,364,363,0,356,386,393,348,370,373,354,356,356,391,341,375,365,358,368,345,332,370,348,377,365,365,366,336,363,356,361,375,350,341,352,360,370
48,349,378,389,313,349,347,376,357,381,391,368,395,377,366,368,364,385,372,355,348,373,353,358,343,342,334,342,335,373,354,337,361,377,362,361,351,381,327,333,372,349,365,337,377,347,372,356,0,319,369,341,343,360,362,372,361,345,347,371,340,389,358,352,348,348,334,350,362,361,330,357,330,347,354,345,344,348,336,349,329
49,326,334,373,311,357,392,369,352,364,343,369,374,341,359,343,341,394,403,329,355,379,359,361,348,366,383,364,363,370,351,397,365,357,363,341,340,372,334,361,393,344,333,351,329,344,367,386,319,0,360,336,354,372,333,355,341,341,350,353,325,363,358,337,368,362,355,386,368,361,354,364,363,364,365,363,346,353,349,347,343
50,386,381,400,351,393,391,370,376,401,376,363,378,361,385,368,372,379,383,342,376,379,381,354,371,361,375,364,373,385,392,367,357,410,409,366,364,403,400,365,371,360,374,368,399,364,389,393,369,360,0,393,389,399,372,382,401,413,362,392,375,382,395,350,377,388,385,387,375,424,380,389,360,385,367,351,374,353,370,366,358
51,366,366,395,340,384,365,363,355,384,396,356,385,361,364,365,366,354,362,311,362,359,368,359,324,341,361,354,382,369,348,347,353,385,369,354,357,376,336,358,354,346,345,339,336,343,374,348,341,336,393,0,339,376,346,386,340,368,357,358,336,351,352,346,342,358,364,392,356,374,347,394,360,376,349,367,365,348,339,374,333
52,364,378,392,319,369,371,341,355,339,385,392,374,387,372,346,374,381,361,347,356,351,356,349,338,359,369,334,319,353,379,365,363,380,383,348,327,371,333,345,378,352,353,341,356,340,364,370,343,354,389,339,0,374,379,360,379,361,362,352,383,355,367,355,375,374,358,374,354,356,356,326,339,379,362,334,316,346,363,368,356
53,370,368,378,343,343,373,386,360,371,371,377,384,375,380,355,369,380,392,349,383,359,365,368,347,355,354,373,357,374,362,352,367,357,377,358,336,357,373,367,388,355,375,317,386,355,359,373,360,372,399,376,374,0,373,381,365,354,352,369,351,362,369,359,365,384,343,376,345,361,383,363,354,349,384,374,370,352,345,347,339
54,349,355,380,318,337,357,352,352,374,367,360,346,359,368,333,347,358,395,352,382,356,352,346,339,359,334,320,337,381,362,347,359,353,352,342,323,365,337,339,360,343,351,339,350,347,360,354,362,333,372,346,379,373,0,359,370,342,348,328,330,378,320,330,346,370,335,348,358,354,349,351,351,363,332,343,355,340,338,335,335
55,342,353,374,337,361,363,337,374,383,407,377,367,393,375,364,363,388,360,350,376,367,339,368,364,375,369,346,341,386,377,347,359,373,382,327,368,341,355,367,385,364,345,388,354,346,349,356,372,355,382,386,360,381,359,0,353,358,349,376,360,356,376,355,359,357,351,365,347,356,373,369,373,389,393,360,348,353,358,368,330
56,363,382,349,343,368,374,367,396,377,360,395,369,358,355,344,360,370,396,343,356,373,362,354,356,359,385,345,350,362,377,355,362,385,386,368,350,360,376,372,365,330,341,341,385,345,360,356,361,341,401,340,379,365,370,353,0,394,337,326,366,396,359,342,349,381,372,369,367,348,353,375,346,385,364,361,347,349,391,355,363
57,349,368,376,332,383,358,364,381,377,384,391,369,388,360,367,371,379,362,390,375,327,371,380,355,365,365,367,339,381,394,338,369,379,402,345,366,347,386,361,347,330,351,375,375,341,357,391,345,341,413,368,361,354,342,358,394,0,360,361,370,346,378,348,316,358,334,373,355,370,396,370,342,395,354,353,365,372,381,337,347
58,363,373,375,323,379,354,345,382,368,348,352,386,360,363,372,382,371,393,346,367,390,359,382,364,376,351,352,338,376,366,353,389,361,374,342,327,358,341,347,356,333,365,353,369,324,386,341,347,350,362,357,362,352,348,349,337,360,0,377,364,355,350,368,344,390,363,395,358,388,337,338,352,349,342,343,370,324,361,388,331
59,359,366,369,333,391,369,359,360,389,376,380,360,377,364,323,364,360,381,358,368,337,343,351,364,358,371,361,339,344,355,348,348,363,380,340,324,378,363,348,376,344,351,352,357,354,362,375,371,353,392,358,352,369,328,376,326,361,377,0,341,343,335,342,336,362,353,390,376,374,348,363,344,349,377,363,353,343,364,377,341
60,355,373,364,328,362,342,376,342,346,370,338,358,354,372,354,343,350,362,373,349,368,353,365,312,366,349,362,343,326,334,311,374,362,379,317,364,357,342,368,373,316,353,353,354,324,371,365,340,325,375,336,383,351,330,360,366,370,364,341,0,354,337,340,342,377,364,365,352,362,323,335,381,366,371,361,348,351,320,363,348
61,341,370,397,341,338,407,373,333,368,347,408,352,383,375,351,385,409,365,361,374,376,366,366,346,347,364,358,374,389,346,349,365,358,370,358,350,389,357,352,378,370,341,335,379,341,353,358,389,363,382,351,355,362,378,356,396,346,355,343,354,0,373,350,364,385,352,375,353,356,369,361,361,375,372,337,355,334,355,371,349
62,373,360,371,325,379,370,359,371,367,383,357,362,383,361,351,359,376,344,337,365,368,342,349,337,382,320,368,330,363,333,349,363,383,368,350,357,384,346,371,358,341,355,333,337,345,366,368,358,358,395,352,367,369,320,376,359,378,350,335,337,373,0,366,345,368,358,355,366,350,389,363,357,350,359,362,349,352,354,332,332
63,337,336,378,340,331,356,370,343,388,351,337,370,349,359,360,350,354,327,369,325,339,322,359,325,356,358,330,363,365,344,342,351,388,355,321,343,378,315,340,395,343,341,362,347,324,344,345,352,337,350,346,355,359,330,355,342,348,368,342,340,350,366,0,330,380,330,351,384,364,394,361,364,352,368,388,363,362,342,363,336
64,331,372,363,315,359,369,361,351,381,350,348,376,344,367,346,395,395,364,373,391,382,356,352,349,359,359,339,365,364,359,354,371,380,381,367,361,359,359,334,363,340,360,338,350,320,369,332,348,368,377,342,375,365,346,359,349,316,344,336,342,364,345,330,0,383,336,353,338,371,342,358,369,367,368,354,345,341,344,344,347
65,353,368,355,326,370,390,385,394,386,396,388,386,347,391,367,395,375,386,380,369,400,376,390,351,403,375,366,344,393,382,358,366,377,375,338,346,388,366,386,365,402,364,368,372,363,375,370,348,362,388,358,374,384,370,357,381,358,390,362,377,385,368,380,383,0,361,370,396,404,364,391,349,379,358,405,381,390,365,355,348
66,362,360,339,319,359,345,348,402,364,361,344,357,343,351,377,355,362,359,370,351,351,328,339,342,340,340,339,342,356,354,366,357,389,361,346,343,363,359,323,362,332,337,344,349,333,345,348,334,355,385,364,358,343,335,351,372,334,363,353,364,352,358,330,336,361,0,373,357,343,358,352,371,366,364,354,362,338,343,359,350
67,371,387,367,345,380,354,399,384,407,393,364,407,396,360,359,391,373,377,367,382,376,368,374,343,379,400,365,365,379,378,371,378,389,402,342,349,373,337,379,381,339,333,378,357,358,357,377,350,386,387,392,374,376,348,365,369,373,395,390,365,375,355,351,353,370,373,0,382,422,387,390,364,389,358,398,380,331,369,368,375
68,388,387,392,336,345,361,351,368,410,400,357,381,357,377,355,367,360,400,378,355,363,357,353,352,377,370,336,338,380,385,372,383,369,384,329,378,377,380,359,381,358,369,347,348,324,363,365,362,368,375,356,354,345,358,347,367,355,358,376,352,353,366,384,338,396,357,382,0,378,355,358,364,368,370,366,395,346,340,403,366
69,344,372,346,331,375,359,366,394,378,379,362,404,384,363,345,349,395,366,368,373,396,377,369,357,385,367,376,345,375,392,381,378,401,401,358,368,352,368,361,377,339,363,362,372,345,367,365,361,361,424,374,356,361,354,356,348,370,388,374,362,356,350,364,371,404,343,422,378,0,380,355,339,345,383,369,338,354,344,344,354
70,351,342,385,328,356,356,352,358,352,403,380,384,347,338,360,351,373,368,376,370,366,361,383,332,359,350,343,358,385,369,378,363,401,403,361,355,400,355,366,384,348,377,354,362,365,396,366,330,354,380,347,356,383,349,373,353,396,337,348,323,369,389,394,342,364,358,387,355,380,0,382,367,361,383,377,355,364,359,356,363
71,366,382,383,336,364,362,382,370,371,362,345,340,352,368,345,371,388,372,316,334,375,335,380,360,341,369,353,349,359,375,375,383,395,386,346,369,333,365,359,397,368,355,351,388,321,357,336,357,364,389,394,326,363,351,369,375,370,338,363,335,361,363,361,358,391,352,390,358,355,382,0,343,373,343,389,355,360,348,341,351
72,348,345,372,343,361,369,367,388,366,392,370,364,359,348,347,342,374,353,351,364,383,368,363,348,370,371,354,369,340,356,356,348,364,381,347,364,373,327,352,357,333,345,355,350,340,361,363,330,363,360,360,339,354,351,373,346,342,352,344,381,361,357,364,369,349,371,364,364,339,367,343,0,369,365,359,353,346,331,353,335
73,380,381,363,353,373,378,332,400,380,394,394,383,368,379,378,365,380,400,356,377,387,356,353,355,364,362,352,330,379,363,376,373,400,370,380,345,385,375,371,374,342,401,343,362,350,375,356,347,364,385,376,379,349,363,389,385,395,349,349,366,375,350,352,367,379,366,389,368,345,361,373,369,0,392,361,372,359,363,349,367
74,365,354,364,326,383,372,381,380,383,383,370,385,338,366,348,358,365,391,393,358,385,353,394,362,388,355,349,358,417,362,365,364,416,373,366,356,393,357,337,391,352,360,358,350,324,375,361,354,365,367,349,362,384,332,393,364,354,342,377,371,372,359,368,368,358,364,358,370,383,383,343,365,392,0,379,388,317,366,365,360
75,358,389,388,324,385,396,356,367,381,337,366,380,376,354,370,376,375,378,374,388,361,394,407,331,374,357,354,332,379,363,348,400,366,381,389,341,363,342,350,365,341,362,347,389,352,365,375,345,363,351,367,334,374,343,360,361,353,343,363,361,337,362,388,354,405,354,398,366,369,377,389,359,361,379,0,357,351,339,359,374
76,338,359,376,329,377,351,356,398,380,375,371,358,346,371,360,392,373,368,363,381,345,353,351,312,373,364,321,338,393,359,341,388,358,353,373,391,351,367,349,342,333,344,346,355,345,367,350,344,346,374,365,316,370,355,348,347,365,370,353,348,355,349,363,345,381,362,380,395,338,355,355,353,372,388,357,0,335,341,371,330
77,340,357,350,304,335,326,357,353,378,364,365,362,359,351,341,380,369,360,362,353,361,360,373,352,385,325,359,329,358,369,352,375,369,366,325,320,367,323,353,386,354,354,363,353,355,328,341,348,353,353,348,346,352,340,353,349,372,324,343,351,334,352,362,341,390,338,331,346,354,364,360,346,359,317,351,335,0,339,356,331
78,362,338,362,320,361,387,332,359,370,355,367,370,337,375,319,349,363,343,337,360,346,341,362,325,333,347,359,340,382,346,357,335,353,363,330,351,375,329,337,353,314,348,347,352,351,348,352,336,349,370,339,363,345,338,358,391,381,361,364,320,355,354,342,344,365,343,369,340,344,359,348,331,363,366,339,341,339,0,347,356
79,361,377,345,343,362,357,367,365,365,356,359,393,363,337,363,339,333,397,353,373,337,372,358,329,384,357,342,356,358,328,374,360,365,383,362,350,350,319,352,362,357,348,344,357,346,351,360,349,347,366,374,368,347,335,368,355,337,388,377,363,371,332,363,344,355,359,368,403,344,356,341,353,349,365,359,371,356,347,0,336
80,320,345,366,338,342,348,321,366,364,363,378,344,348,359,345,373,375,346,370,356,333,367,395,328,348,374,309,351,374,352,347,369,372,363,351,348,345,348,339,355,318,355,324,315,362,353,370,329,343,358,333,356,339,335,330,363,347,331,341,348,349,332,336,347,348,350,375,366,354,363,351,335,367,360,374,330,331,356,336,0
